date,AVGTemp,TMAX,TMIN
2017/1/1,19.5,25,15.6
2017/1/2,20.1,25,17.3
2017/1/3,20.3,25.4,17
2017/1/4,20.6,24.9,17.9
2017/1/5,20.7,26.4,18
2017/1/6,19.9,25.4,17.3
2017/1/7,21,25.7,18.6
2017/1/8,21.5,26.8,18.3
2017/1/9,19,25.2,15.6
2017/1/10,18.5,24.8,14.7
2017/1/11,19.3,26,14.8
2017/1/12,19.6,24,17.5
2017/1/13,18,21.2,14.9
2017/1/14,15.2,18.5,12.8
2017/1/15,16.1,19.2,/
2017/1/16,16.7,21.3,/
2017/1/17,17.7,23,14.4
2017/1/18,19.2,24.2,16.8
2017/1/19,20,26.1,17.3
2017/1/20,16.3,20.7,12.3
2017/1/21,14.9,20.4,12.6
2017/1/22,15.9,21.6,12.8
2017/1/23,16.2,22.5,12.5
2017/1/24,16.3,21.4,13.5
2017/1/25,16.3,22.6,14
2017/1/26,16.5,23.1,12.2
2017/1/27,17.1,23.6,11.9
2017/1/28,18.1,26.8,12.3
2017/1/29,19.8,28,16
2017/1/30,19.5,25.9,14.9
2017/1/31,17.4,22.1,14.1
2017/2/1,18.3,21.8,15.5
2017/2/2,16.9,21.4,14.7
2017/2/3,17.7,23.1,/
2017/2/4,18.5,22.6,16.9
2017/2/5,18.4,22.7,16.3
2017/2/6,18.2,24.3,15.3
2017/2/7,17.9,22.9,14.5
2017/2/8,18.3,22.7,15.7
2017/2/9,13.5,16.8,11.6
2017/2/10,12.8,17,9.9
2017/2/11,12.4,14.7,10.5
2017/2/12,14.6,19.8,10.8
2017/2/13,16.4,22.6,11.5
2017/2/14,16.7,23.4,11.7
2017/2/15,16.5,22.1,12.5
2017/2/16,18.4,25,13.6
2017/2/17,20.4,26.7,15
2017/2/18,18.6,23.7,16
2017/2/19,18.7,25.7,14.8
2017/2/20,22.7,30.2,17.7
2017/2/21,20.6,25.6,18.1
2017/2/22,20.8,23.7,17.6
2017/2/23,19.2,24.6,13.2
2017/2/24,13.6,15.2,12.1
2017/2/25,14.2,16.8,12.1
2017/2/26,14.5,17.9,12.7
2017/2/27,15.9,20.6,12.7
2017/2/28,17.3,23,13.2
2017/3/1,18.3,22.1,15.5
2017/3/2,17.2,22.5,12.9
2017/3/3,16.7,21.9,11.7
2017/3/4,20.4,25.9,16.1
2017/3/5,22.7,28.7,17.4
2017/3/6,18.9,21.8,15.5
2017/3/7,15.3,18.2,/
2017/3/8,14.3,15.6,12.9
2017/3/9,18,21.9,13.8
2017/3/10,20.4,28.1,17.7
2017/3/11,20.4,24.4,17.5
2017/3/12,21.9,28,18.6
2017/3/13,24.1,29.9,19.9
2017/3/14,16.6,19.9,14.7
2017/3/15,17.7,23.8,14.7
2017/3/16,18.1,21.5,16.1
2017/3/17,19.7,24.7,16
2017/3/18,21.4,26.3,18.5
2017/3/19,21.8,26.3,19.6
2017/3/20,23.1,27.7,18.1
2017/3/21,22.9,29.1,18.5
2017/3/22,21,27.3,17.7
2017/3/23,21.7,29.2,17.5
2017/3/24,21.9,29.1,17.1
2017/3/25,19.9,24.8,15.3
2017/3/26,14.6,15.6,13.3
2017/3/27,19.4,26.1,13.4
2017/3/28,21,26.5,15.7
2017/3/29,22.3,28.4,18.4
2017/3/30,22.9,28.1,18.5
2017/3/31,22.2,31.1,15.2
2017/4/1,17,21.7,13.5
2017/4/2,18.2,24.7,11.9
2017/4/3,20.2,26.8,13.5
2017/4/4,21.1,25.2,15.7
2017/4/5,23.1,28.2,19.3
2017/4/6,23.7,29.3,19.5
2017/4/7,24.9,29.7,22.1
2017/4/8,26.3,31.7,21.9
2017/4/9,26.3,31.1,23.1
2017/4/10,27.6,32.9,23.6
2017/4/11,26.8,31.1,19.6
2017/4/12,19.2,21.4,15.8
2017/4/13,17.8,19.8,15.6
2017/4/14,23,28.1,18.9
2017/4/15,25.4,30.8,20.9
2017/4/16,26.7,31.2,23.4
2017/4/17,27.6,32.5,23.4
2017/4/18,26.8,30.1,25.1
2017/4/19,27.5,32.1,24.1
2017/4/20,26.6,29.6,23.7
2017/4/21,26.6,31.7,21.8
2017/4/22,19.2,22.2,16.6
2017/4/23,21.2,25.5,17.5
2017/4/24,23.2,27.4,20.3
2017/4/25,24.6,28.1,22.1
2017/4/26,26.4,32.6,22.6
2017/4/27,18.8,22.7,/
2017/4/28,19.8,25.5,15.3
2017/4/29,22.1,27.8,16.8
2017/4/30,23.7,29.3,18.4
2017/5/1,24.8,29.9,19.7
2017/5/2,26,30.7,22.8
2017/5/3,26.9,31.9,23.7
2017/5/4,27.6,32.8,23.5
2017/5/5,27.7,32.1,24.4
2017/5/6,26.8,31.7,23.8
2017/5/7,26.1,31.1,21.7
2017/5/8,27.6,31.8,24.1
2017/5/9,28.1,32.3,24.6
2017/5/10,27.6,31.7,23.1
2017/5/11,28.3,32.6,25.3
2017/5/12,28.8,34.2,25
2017/5/13,27.9,30.9,25.5
2017/5/14,28.2,34.4,24.6
2017/5/15,27,31.9,24.1
2017/5/16,22.6,24.6,20.1
2017/5/17,24.4,29.1,20.7
2017/5/18,26.4,30.9,22.2
2017/5/19,25.2,30.3,22.2
2017/5/20,24,28.2,21.1
2017/5/21,26.5,31.6,22.2
2017/5/22,27.7,32.1,23.8
2017/5/23,28.1,32.8,24.6
2017/5/24,28.2,31.8,26.2
2017/5/25,26.1,31.1,23.7
2017/5/26,25.7,30.5,22.5
2017/5/27,26.2,30.4,23.6
2017/5/28,26.2,30.3,23.6
2017/5/29,27.6,32.2,23.6
2017/5/30,25.2,28.5,23.2
2017/5/31,27.4,31.5,24.3
2017/6/1,27.3,30.3,25.7
2017/6/2,26.8,30.1,22.5
2017/6/3,26,29.7,22.7
2017/6/4,26.3,32.1,24.3
2017/6/5,27.2,31.6,24.4
2017/6/6,28.7,33.7,25.5
2017/6/7,29.6,34.5,25.4
2017/6/8,29.2,33.1,25.8
2017/6/9,29.5,33.1,25.7
2017/6/10,30.4,34.7,26.7
2017/6/11,30.5,35.1,26.3
2017/6/12,31,35.5,25.3
2017/6/13,29.4,35.5,24.6
2017/6/14,25.7,28.1,23.1
2017/6/15,25,26.6,22.6
2017/6/16,26.4,32.2,23.5
2017/6/17,25.5,27,23.9
2017/6/18,24.3,26,23.5
2017/6/19,27,31,23.7
2017/6/20,28.5,32.7,25.6
2017/6/21,29.7,34.9,26.1
2017/6/22,29.7,34.4,25.8
2017/6/23,29.6,34.1,25.7
2017/6/24,29.7,33.6,25.5
2017/6/25,29.9,34,26.7
2017/6/26,30.2,34.2,27.1
2017/6/27,30.1,34.2,26.8
2017/6/28,30.5,34.9,27
2017/6/29,29.1,34.5,26.2
2017/6/30,27.9,35.3,22.9
2017/7/1,28.9,35.4,25.2
2017/7/2,28.2,34.2,24.3
2017/7/3,28.8,34.6,23.5
2017/7/4,27.4,34.3,24.1
2017/7/5,29.1,34.1,24.8
2017/7/6,28,33.4,23.9
2017/7/7,27,34.4,22.9
2017/7/8,27.9,34,24.1
2017/7/9,28.5,33.6,23.7
2017/7/10,29.6,34.7,25.7
2017/7/11,29.8,34.8,26.2
2017/7/12,28.8,34.7,25.4
2017/7/13,29.6,34.8,25.2
2017/7/14,29.3,33.7,27.1
2017/7/15,29.7,34.3,26.5
2017/7/16,28.7,34.4,25.8
2017/7/17,28.8,32.1,25.6
2017/7/18,30.1,35.8,26.9
2017/7/19,30.1,34.5,26.3
2017/7/20,29.7,34.8,26.4
2017/7/21,30.2,34.2,27.1
2017/7/22,30.3,33.8,27.3
2017/7/23,31,34.5,28.2
2017/7/24,29.8,34.1,27.5
2017/7/25,28.7,34.7,24.6
2017/7/26,28.4,34.2,25.6
2017/7/27,29.8,34.3,25.3
2017/7/28,30.4,33.3,27.5
2017/7/29,28.3,31.6,25.5
2017/7/30,28,31.3,25.5
2017/7/31,25.8,28.6,22.6
2017/8/1,27.4,30.9,25.8
2017/8/2,28,32.1,25.8
2017/8/3,29.3,35.1,26.1
2017/8/4,29.2,33.8,26.3
2017/8/5,29.9,33.6,26.6
2017/8/6,30.2,34,27.1
2017/8/7,30.6,34.8,27.5
2017/8/8,30.2,33.5,27.5
2017/8/9,30.3,34,27.7
2017/8/10,29,33.2,25.1
2017/8/11,30,33.6,27
2017/8/12,30.2,34.4,27.6
2017/8/13,29.8,33.7,27.2
2017/8/14,30.1,33.6,27.3
2017/8/15,29.9,33.4,26.4
2017/8/16,30.3,33.4,27.1
2017/8/17,30.1,34.2,29.4
2017/8/18,30.5,34.1,28
2017/8/19,30.6,34.7,26.8
2017/8/20,30.5,34.2,27.2
2017/8/21,30.5,34.8,27.7
2017/8/22,28.5,33.4,25.6
2017/8/23,29,34.5,26.1
2017/8/24,27.5,32.6,25.3
2017/8/25,28.5,32.4,24.9
2017/8/26,28.8,34.5,25.5
2017/8/27,27.2,34.3,23.7
2017/8/28,28.3,32.6,23.9
2017/8/29,30.2,34.7,26.8
2017/8/30,30.1,34.1,27.2
2017/8/31,29.5,31.4,27.6
2017/9/1,27.9,30.2,26.6
2017/9/2,26.6,31.1,23.6
2017/9/3,28.8,34.3,25
2017/9/4,29.3,33.7,26.4
2017/9/5,29.4,33.4,26.4
2017/9/6,29.4,33.5,27.3
2017/9/7,29.2,33.4,26.5
2017/9/8,29.2,32.5,26.4
2017/9/9,29.5,32.2,27.3
2017/9/10,29.3,33.1,26.6
2017/9/11,29.2,33.3,25.5
2017/9/12,29.8,33.2,26.3
2017/9/13,28.9,33,26
2017/9/14,28.8,33.4,25.5
2017/9/15,29.3,34,25.6
2017/9/16,29.5,35,25.5
2017/9/17,29.4,34.5,25.6
2017/9/18,28.8,34.3,25.5
2017/9/19,29.1,33.5,26
2017/9/20,29,34.7,25.6
2017/9/21,29.5,33.6,25.9
2017/9/22,30,34.3,27.2
2017/9/23,30,34.7,27
2017/9/24,30.4,34.7,27.2
2017/9/25,29.8,33.8,27
2017/9/26,29.8,34.6,26.6
2017/9/27,30.2,35.6,26.9
2017/9/28,29.7,34.4,26.9
2017/9/29,28.9,33.9,25.9
2017/9/30,29.2,34.7,25.4
2017/10/1,30,35.2,25.9
2017/10/2,30.4,35.2,27.1
2017/10/3,29.6,33.3,27
2017/10/4,28.2,31.3,25.8
2017/10/5,28.4,34.1,24.8
2017/10/6,29.2,33.5,25.7
2017/10/7,29.8,34.9,26.4
2017/10/8,29.7,34.4,26.2
2017/10/9,29.6,33.9,26.8
2017/10/10,29.8,34.9,25.8
2017/10/11,30,34.6,26.5
2017/10/12,28.5,33.4,25.7
2017/10/13,26.3,29.1,23.9
2017/10/14,25.1,27.6,23.9
2017/10/15,24.9,25.7,23.9
2017/10/16,27,30.7,24.2
2017/10/17,27.1,30.7,25.2
2017/10/18,26.1,29.9,23.9
2017/10/19,25.6,29.7,23.2
2017/10/20,24.8,29.4,22.5
2017/10/21,23,26.2,21.1
2017/10/22,22,26.8,18
2017/10/23,22.1,28.7,17.5
2017/10/24,22.8,28.6,19.2
2017/10/25,22.8,28.8,18.5
2017/10/26,22.8,29.1,18.8
2017/10/27,22.5,27.2,18.8
2017/10/28,22.4,26.8,18.9
2017/10/29,22,28.3,18
2017/10/30,21,25.9,17.7
2017/10/31,21.8,28.2,16.8
2017/11/1,23,28.6,17.4
2017/11/2,24.4,30.1,20.7
2017/11/3,23.6,27.1,20.4
2017/11/4,22.2,26.6,19.4
2017/11/5,21.9,27.1,17.9
2017/11/6,23.4,27.2,20.3
2017/11/7,24.6,29.3,22.1
2017/11/8,24.5,29.5,21.8
2017/11/9,24.3,29.7,21.1
2017/11/10,24.2,28.1,22
2017/11/11,22.9,25.1,19.6
2017/11/12,21.6,24.4,19.5
2017/11/13,22.7,25.7,20.8
2017/11/14,23.9,28.8,21.4
2017/11/15,23.8,29.7,20.8
2017/11/16,24.2,30.5,20.7
2017/11/17,25.4,31.8,22.4
2017/11/18,23.8,28.4,19.8
2017/11/19,20.8,25.1,18
2017/11/20,21.2,25.9,19.3
2017/11/21,22.3,27.9,19.1
2017/11/22,21.7,26.6,18.7
2017/11/23,18.9,23.1,16.8
2017/11/24,19.2,22.4,17.4
2017/11/25,20.1,23.7,17.6
2017/11/26,21.5,25.7,19.3
2017/11/27,22.1,28.1,19.1
2017/11/28,23.2,28.8,19.4
2017/11/29,23.6,28.6,21.2
2017/11/30,22.3,25.6,20.1
2017/12/1,20.9,24.9,19.1
2017/12/2,20.9,25.1,19.2
2017/12/3,21.5,26.5,19.1
2017/12/4,19.9,24.2,16.6
2017/12/5,18,21.7,14.5
2017/12/6,16.7,21,13.4
2017/12/7,18,22,15.2
2017/12/8,14.9,16.6,12.3
2017/12/9,14.3,18.1,12.2
2017/12/10,16.8,21.8,12.1
2017/12/11,17.7,23.5,13.4
2017/12/12,17.6,19.4,16.2
2017/12/13,19,24.1,16.1
2017/12/14,19.5,24.8,15
2017/12/15,19.8,25.1,16.5
2017/12/16,17.6,20,14.7
2017/12/17,14.9,17.3,13.6
2017/12/18,16.5,20.6,14.2
2017/12/19,16,19.2,14.6
2017/12/20,16.4,21.1,13.2
2017/12/21,16.5,22,13.1
2017/12/22,17.4,24,12.4
2017/12/23,18.1,24.3,14
2017/12/24,18.9,24.6,15.3
2017/12/25,18.4,23.1,16.2
2017/12/26,18.8,24,16.2
2017/12/27,18.8,25.1,14.7
2017/12/28,20.1,25,16.9
2017/12/29,19,22.83333333,16.7
2017/12/30,18.8,25,15.9
2017/12/31,16.8,21.2,14.8
2018/1/1,17.5,24.6,13.3
2018/1/2,18.2,24.4,13.5
2018/1/3,19.2,25.8,16.2
2018/1/4,18,20.7,16.4
2018/1/5,17.9,20.6,16.2
2018/1/6,17.4,18.8,15.8
2018/1/7,18.3,20.3,16.7
2018/1/8,19.3,25.8,15.8
2018/1/9,11.6,15.9,10.1
2018/1/10,12,17.3,9.8
2018/1/11,12,17.7,9
2018/1/12,11.1,17.4,7.5
2018/1/13,11.8,18.7,5.7
2018/1/14,14.3,21,8.3
2018/1/15,16.3,22.5,10.5
2018/1/16,18.9,24.2,13.2
2018/1/17,20.4,25.1,18
2018/1/18,20.1,24.4,18.2
2018/1/19,19.4,22.1,17.6
2018/1/20,19.2,22.8,17.6
2018/1/21,19.5,24.2,17.4
2018/1/22,19.1,24.3,16.2
2018/1/23,18.1,23.6,15.5
2018/1/24,18.2,23.8,14.7
2018/1/25,17.9,23.2,14.5
2018/1/26,17.1,20.7,14.1
2018/1/27,16.6,20.6,13.8
2018/1/28,16.8,20.6,14
2018/1/29,13.1,16.1,11.1
2018/1/30,13.7,17,10.9
2018/1/31,15.4,20.2,12.2
2018/2/1,12.5,15.5,10.1
2018/2/2,13.7,17.6,11.7
2018/2/3,10.8,12.7,8.5
2018/2/4,10,12.5,8.7
2018/2/5,8.8,9.4,7.9
2018/2/6,11.3,16.3,8.3
2018/2/7,11.4,13.2,9
2018/2/8,13.3,16,11.1
2018/2/9,15.5,21.3,12.8
2018/2/10,16.2,21.5,14.1
2018/2/11,13.8,17.7,11.4
2018/2/12,14.1,19,11.9
2018/2/13,15,21.2,10.2
2018/2/14,17.5,25.7,12
2018/2/15,21.7,31.3,14.9
2018/2/16,21.7,26.6,17.2
2018/2/17,18.9,23.5,16.5
2018/2/18,20,27,15.5
2018/2/19,21.7,29.9,16.5
2018/2/20,19.3,24.2,15.4
2018/2/21,18.4,22.3,15.6
2018/2/22,15.5,18.5,/
2018/2/23,16.6,22.1,12.6
2018/2/24,19.1,26.1,16.3
2018/2/25,18.3,24.9,15.2
2018/2/26,17.46666667,22.8,14.1
2018/2/27,17.66666667,22.8,15.5
2018/2/28,19.56666667,24.6,16.3
2018/3/1,21.23333333,27.9,16.7
2018/3/2,22.28333333,28.3,19
2018/3/3,24.45,30.9,19.8
2018/3/4,24.83333333,28.6,22.2
2018/3/5,24.73333333,31.5,18.1
2018/3/6,18.91666667,22.4,16.9
2018/3/7,20.28333333,26.9,17.2
2018/3/8,12.5,15.8,11.2
2018/3/9,14,18.8,11.2
2018/3/10,16.5,23.1,10.9
2018/3/11,17.9,24.4,12.5
2018/3/12,18.7,24.9,13.3
2018/3/13,20.4,27.1,15.2
2018/3/14,21.4,26,17.1
2018/3/15,21.2,26.9,17.7
2018/3/16,22,27.2,18.6
2018/3/17,20.9,25.9,18
2018/3/18,21.3,27,18.2
2018/3/19,24,29.3,19
2018/3/20,21.3,24,17.4
2018/3/21,17.2,20.7,13.2
2018/3/22,16.8,23.2,12.1
2018/3/23,19.6,25.9,13.4
2018/3/24,20.3,26.7,14.8
2018/3/25,21.3,27.3,16.6
2018/3/26,21.5,27.5,17.2
2018/3/27,21.4,26.7,17.4
2018/3/28,21.9,27.1,17.2
2018/3/29,22.6,27.2,19.3
2018/3/30,23.8,28.15,19.05
2018/3/31,23.5,28.1,19.8
2018/4/1,24.4,29.5,20.9
2018/4/2,24.7,28.9,22.1
2018/4/3,24.3,28.1,21.6
2018/4/4,24.5,29.1,20.8
2018/4/5,25.3,29.8,22.5
2018/4/6,22.5,29.1,16.5
2018/4/7,17,18.5,15.7
2018/4/8,19.6,25.5,14.1
2018/4/9,21.1,27.9,15.6
2018/4/10,23.5,30.2,17.2
2018/4/11,26.1,31.6,21.2
2018/4/12,27.4,31.7,23.9
2018/4/13,27.4,32.4,23.5
2018/4/14,28.2,32.3,25.5
2018/4/15,23.2,27.4,17.1
2018/4/16,21,26.6,17.2
2018/4/17,19.8,24.7,17.3
2018/4/18,21.7,27.3,16.8
2018/4/19,24.2,28.8,20.5
2018/4/20,24.7,29.7,21.3
2018/4/21,25.1,30.1,21.5
2018/4/22,26.8,33,22.9
2018/4/23,27.6,33.1,23.7
2018/4/24,26.2,30.3,23.5
2018/4/25,23.9,28.5,20.9
2018/4/26,24.5,31.1,20.2
2018/4/27,25.5,29.9,21.8
2018/4/28,25.9,29.3,23.2
2018/4/29,26.6,31.6,23.4
2018/4/30,26.8,30.5,23.2
2018/5/1,27.7,31.9,23.9
2018/5/2,28.3,32.9,24.9
2018/5/3,26.4,30.4,22.6
2018/5/4,26.1,31.6,21.7
2018/5/5,27.4,31.6,23.8
2018/5/6,28.6,33.4,24.6
2018/5/7,29,33.3,26
2018/5/8,27,32.7,22
2018/5/9,23.2,25.5,20.4
2018/5/10,24.3,29.5,20.3
2018/5/11,25.7,30.6,21.4
2018/5/12,26.6,31.6,23.3
2018/5/13,27.6,31.7,23.9
2018/5/14,28.1,33.2,24.1
2018/5/15,28.8,33.6,24.6
2018/5/16,29.2,33.5,25.6
2018/5/17,29,33.7,25.9
2018/5/18,28.8,32.8,25.4
2018/5/19,28.9,33.3,24.4
2018/5/20,29.2,33.2,26.2
2018/5/21,28.7,32.8,26
2018/5/22,29.2,33.5,25.7
2018/5/23,28.8,34.3,25.7
2018/5/24,28.8,34.6,24.7
2018/5/25,29.4,33.8,26.4
2018/5/26,29.2,33,25.6
2018/5/27,29.7,34.1,25.3
2018/5/28,30.3,35.1,26.2
2018/5/29,30.8,34.5,27.7
2018/5/30,30.6,34.7,27.8
2018/5/31,30.5,35.6,26.6
2018/6/1,28.3,33,24.6
2018/6/2,27.3,33.7,23.6
2018/6/3,28.5,34.1,24.6
2018/6/4,29.5,33.9,25.6
2018/6/5,30.1,35.8,26.5
2018/6/6,29.9,35.2,26.1
2018/6/7,29.3,33.5,26.9
2018/6/8,29.3,34.9,25.6
2018/6/9,30.1,35.1,26.6
2018/6/10,29.4,34,25.3
2018/6/11,27.8,31.6,25.1
2018/6/12,28.9,33.7,25.3
2018/6/13,29.6,34.1,28.1
2018/6/14,28,32.6,25
2018/6/15,27.2,30.8,24.5
2018/6/16,27.4,32.4,24.6
2018/6/17,27.6,31.8,25.1
2018/6/18,26.3,28,24.6
2018/6/19,24.7,26.7,23.6
2018/6/20,25.4,27.9,23.9
2018/6/21,27.5,31.9,24.6
2018/6/22,27.8,32.1,25.1
2018/6/23,28.4,32.8,25.4
2018/6/24,28.5,31.7,25.5
2018/6/25,28.4,34,25.5
2018/6/26,29.3,33.9,24.7
2018/6/27,28.5,34,24.4
2018/6/28,28.3,33.3,24.1
2018/6/29,29.2,34.1,25.6
2018/6/30,28.7,34.9,23.6
2018/7/1,27.3,33.2,24.5
2018/7/2,24.7,26.9,22.8
2018/7/3,27.6,32,24.3
2018/7/4,27.1,30.6,25.7
2018/7/5,28.5,31.9,26.5
2018/7/6,28.6,32.5,25.9
2018/7/7,28.3,34.5,24.7
2018/7/8,29.1,33.7,24.8
2018/7/9,29.6,33.8,26
2018/7/10,28.8,33.2,26.1
2018/7/11,28.7,32.1,25.6
2018/7/12,28.6,32.4,26.9
2018/7/13,29,33.6,25.8
2018/7/14,29.4,34.5,25.8
2018/7/15,28.8,33.2,25.8
2018/7/16,29.5,33.5,26.5
2018/7/17,31,36.7,26.8
2018/7/18,30.5,36.5,25.8
2018/7/19,30,34.5,26.6
2018/7/20,28.9,33.9,26.5
2018/7/21,29.4,34.1,25.6
2018/7/22,27.4,32.1,23.9
2018/7/23,29.3,32.6,25.9
2018/7/24,28.8,34.4,26.4
2018/7/25,28.8,34.3,25.5
2018/7/26,29.7,33.7,26.1
2018/7/27,29.5,33.7,26.4
2018/7/28,29.6,34.2,25.9
2018/7/29,30.3,35.2,26.4
2018/7/30,30.4,36.3,27
2018/7/31,30.4,34.6,27.2
2018/8/1,30.6,35.1,27.5
2018/8/2,29.5,34.1,27.1
2018/8/3,28.8,32.7,26.8
2018/8/4,29.3,34.1,26.1
2018/8/5,29,35.2,26.1
2018/8/6,29.6,34,26.2
2018/8/7,29.6,33.6,26.7
2018/8/8,29.9,34.7,27.3
2018/8/9,29.8,34.1,27.2
2018/8/10,30.2,34.1,27.4
2018/8/11,30.1,34.4,26.7
2018/8/12,29.8,33.8,27
2018/8/13,29,35,26.5
2018/8/14,27.6,35.5,24.7
2018/8/15,27.8,30.9,25.1
2018/8/16,29.1,34,26.1
2018/8/17,29.5,33.8,25.9
2018/8/18,27.6,32.4,25.4
2018/8/19,27.6,33.7,25.8
2018/8/20,27.3,33.5,24
2018/8/21,27.5,34.4,24.7
2018/8/22,27.3,31.8,25.6
2018/8/23,25.9,30.4,22.4
2018/8/24,23.9,25.3,23
2018/8/25,26.9,31.7,24.2
2018/8/26,27.1,30.5,25.4
2018/8/27,26.5,29.7,24
2018/8/28,24.4,26.4,23.2
2018/8/29,25.1,27.3,23.6
2018/8/30,26.1,29.3,24.1
2018/8/31,26.7,29.9,23.4
2018/9/1,28,32.4,25.3
2018/9/2,28.5,33.8,25.3
2018/9/3,28.4,33,24.5
2018/9/4,29.1,33.8,25.7
2018/9/5,29.1,33.1,27.2
2018/9/6,28.2,33.3,24.6
2018/9/7,28.2,33,23.9
2018/9/8,27.6,32.1,24.5
2018/9/9,26.9,30.3,24.8
2018/9/10,26.9,31.6,23.2
2018/9/11,27.6,31.7,25.2
2018/9/12,28.3,31.5,25.7
2018/9/13,28.9,32.4,26.4
2018/9/14,29.2,33.1,26.7
2018/9/15,27.1,29.1,25.7
2018/9/16,28.4,32.5,25.1
2018/9/17,28.8,33.8,26
2018/9/18,28.7,32.2,26.7
2018/9/19,28.7,33.5,25.4
2018/9/20,28.9,33.8,26.2
2018/9/21,29,33.8,25.4
2018/9/22,29.1,33.3,25.5
2018/9/23,28.8,32.9,26.2
2018/9/24,27.9,32.1,25.3
2018/9/25,27.8,33,24.3
2018/9/26,26.6,30.3,24
2018/9/27,26.7,31.7,23.7
2018/9/28,26.3,29.9,24.1
2018/9/29,25.6,29.1,22.6
2018/9/30,25.3,31.2,21.4
2018/10/1,26,31.3,21.7
2018/10/2,24.7,30.3,21.1
2018/10/3,24.3,30.5,19.7
2018/10/4,23.6,27.9,20.9
2018/10/5,24.7,29.3,20.9
2018/10/6,26.2,31,22.3
2018/10/7,25.6,30.6,22.6
2018/10/8,25.8,31.6,21.8
2018/10/9,26.1,30.6,22.4
2018/10/10,26.2,30.5,23.4
2018/10/11,23.7,27.5,21.6
2018/10/12,22,25.6,19.9
2018/10/13,23.9,30.1,19.3
2018/10/14,25.9,32.1,22
2018/10/15,25.5,31,22.3
2018/10/16,25.5,30.1,23
2018/10/17,23.5,27.5,20.9
2018/10/18,24.2,29.4,20.6
2018/10/19,23.9,29.4,20.2
2018/10/20,23.3,29.1,19.6
2018/10/21,23.7,30.5,19.3
2018/10/22,24.5,30.6,20.9
2018/10/23,24.7,29.6,21.9
2018/10/24,24.2,29,20.6
2018/10/25,24.7,31.3,20.6
2018/10/26,24.8,30.3,21.7
2018/10/27,22.9,28,17.9
2018/10/28,20.6,27.2,16.9
2018/10/29,20.8,28.2,15.4
2018/10/30,22.5,29.5,17
2018/10/31,21.8,27.1,19.5
2018/11/1,20.2,22.6,18.9
2018/11/2,21.7,25.4,19.4
2018/11/3,24,30.1,19.9
2018/11/4,24.6,31,22.1
2018/11/5,24.6,30.6,21
2018/11/6,25.1,30.4,22.4
2018/11/7,24.2,29.1,21.9
2018/11/8,25.4,30.6,22.7
2018/11/9,24.4,30.2,21.5
2018/11/10,23.8,29,20.7
2018/11/11,23.7,28.1,21.2
2018/11/12,23.4,27.2,21
2018/11/13,22.8,28.3,19.6
2018/11/14,22.4,28.6,18.4
2018/11/15,23,29.5,18.4
2018/11/16,24.2,28.7,21.5
2018/11/17,23.3,26.7,21.4
2018/11/18,24,29.5,21
2018/11/19,23,29.6,19.4
2018/11/20,23,28.6,18.6
2018/11/21,23.9,28.7,20.5
2018/11/22,21.2,24.9,18.6
2018/11/23,20.3,26,17.4
2018/11/24,21.4,27.8,16.4
2018/11/25,21.2,26.8,17.6
2018/11/26,19.8,21.7,18.6
2018/11/27,21.7,26,19
2018/11/28,20,22.5,17.9
2018/11/29,21.1,26.7,18.2
2018/11/30,22.4,28,18
2018/12/1,22.2,27.7,19
2018/12/2,21.8,28,16.5
2018/12/3,22.2,29.2,16.6
2018/12/4,24,30.1,18.4
2018/12/5,23.8,29,20.8
2018/12/6,24.5,30.2,21
2018/12/7,21.4,26.3,19
2018/12/8,20,24.3,17.7
2018/12/9,19.9,23.9,17.6
2018/12/10,20.3,22.9,18.3
2018/12/11,20.8,24.8,18.1
2018/12/12,17.6,20.3,15.8
2018/12/13,18.8,24.3,15.7
2018/12/14,19.9,24.7,17.5
2018/12/15,20.4,25.4,16.2
2018/12/16,21.4,27.6,18.3
2018/12/17,18,22.6,14.6
2018/12/18,18.1,25,13
2018/12/19,18.9,24.3,14.9
2018/12/20,21,29.1,14.6
2018/12/21,20.4,25.7,16.4
2018/12/22,21.9,27.2,19.2
2018/12/23,21.4,26.2,18.3
2018/12/24,19.2,23.3,17
2018/12/25,20.9,26.3,17.7
2018/12/26,21.1,25.4,19.5
2018/12/27,19.6,23.4,16.5
2018/12/28,17.6,22.8,15
2018/12/29,15.7,20.7,12.8
2018/12/30,17,22.3,12.3
2018/12/31,17.4,21.2,15.7
2019/1/1,17.8,22.6,14.7
2019/1/2,18.3,21.1,16.2
2019/1/3,19.2,23,17
2019/1/4,20,26.2,17
2019/1/5,21.2,27.6,17.7
2019/1/6,19.7,23.7,17.4
2019/1/7,20.2,26,16.8
2019/1/8,20.6,24.8,18.8
2019/1/9,19.9,24.8,17.2
2019/1/10,20.3,25.1,18.6
2019/1/11,21,27.4,18.5
2019/1/12,20.6,26.1,17.5
2019/1/13,19.6,24.4,17.5
2019/1/14,19.5,24.1,16.9
2019/1/15,19.3,24.4,17.3
2019/1/16,16.8,18.5,15.8
2019/1/17,15.7,19.3,14
2019/1/18,17.4,24,14
2019/1/19,18.2,21.8,15
2019/1/20,18.9,23.3,16.9
2019/1/21,15.8,19.7,14.1
2019/1/22,14.7,17.5,11.6
2019/1/23,15.1,21.2,10.4
2019/1/24,16.5,22.9,12.1
2019/1/25,16.7,23.7,12.3
2019/1/26,15.8,20.4,13.6
2019/1/27,15.9,20.9,13.4
2019/1/28,16.6,24.2,11.4
2019/1/29,17,23.7,12.8
2019/1/30,19,26,14.6
2019/1/31,21.6,28.8,16.5
2019/2/1,16.5,19.2,14.5
2019/2/2,18.2,24.8,14
2019/2/3,21.8,30.9,16
2019/2/4,20.9,25.2,17.9
2019/2/5,19.8,25.9,17.1
2019/2/6,21.5,27.3,17.2
2019/2/7,23.2,30.9,17.8
2019/2/8,19.7,24.5,17.4
2019/2/9,19.3,24.4,16.6
2019/2/10,19.1,25.1,15.4
2019/2/11,18.8,23.4,16.4
2019/2/12,20,25.5,15.1
2019/2/13,21.5,26.3,18.5
2019/2/14,21.4,27.1,18.3
2019/2/15,21.8,28.5,17.5
2019/2/16,21,26.8,17.3
2019/2/17,19.1,24.3,16
2019/2/18,20.3,26,17.1
2019/2/19,22.3,28.3,16.8
2019/2/20,22.7,29.1,20.1
2019/2/21,21.2,25.5,18.1
2019/2/22,19.6,23.9,16.4
2019/2/23,17.5,21,15.7
2019/2/24,16.4,18.7,15.3
2019/2/25,19.1,24.8,15.8
2019/2/26,20,26.1,16.2
2019/2/27,21.2,26.1,17.4
2019/2/28,21.5,25.5,18.6
2019/3/1,20.5,26.1,17.6
2019/3/2,22.1,26.2,19.1
2019/3/3,20.7,26.2,17.7
2019/3/4,20.1,25,15.7
2019/3/5,20.5,26.4,16.2
2019/3/6,20.6,28.6,17.1
2019/3/7,14.4,18.1,12.1
2019/3/8,15.2,20.3,11.9
2019/3/9,18.4,20.6,16.2
2019/3/10,19.1,24.3,16.7
2019/3/11,17.7,19.8,16.7
2019/3/12,20.5,26.9,14.7
2019/3/13,22.1,27,18.9
2019/3/14,21.3,26.8,18.7
2019/3/15,18.4,21.1,16.4
2019/3/16,20.6,24.6,16.8
2019/3/17,21.3,26.1,19.1
2019/3/18,20.8,26.9,19.6
2019/3/19,22.9,29.2,18.4
2019/3/20,24.2,29.6,20
2019/3/21,25.2,31.3,20.8
2019/3/22,23,27.8,18.8
2019/3/23,17.6,20.1,16.1
2019/3/24,16.6,18,14.6
2019/3/25,19.2,21.7,16.5
2019/3/26,20.9,27.3,16.4
2019/3/27,23.5,29.8,20.2
2019/3/28,25,30.1,20.6
2019/3/29,24.8,29.4,18.2
2019/3/30,22.8,28.1,19
2019/3/31,22.4,29.1,18.7
2019/4/1,17.6,19.1,16.4
2019/4/2,20.5,26.5,16.4
2019/4/3,21.4,25.9,18.9
2019/4/4,21.4,25.9,18.7
2019/4/5,22,26.6,19.6
2019/4/6,23.7,28.7,19.3
2019/4/7,24.9,29.7,20.2
2019/4/8,25.7,31,21.3
2019/4/9,26.5,31.7,21.8
2019/4/10,26.4,30.7,23.7
2019/4/11,24.5,31.4,20.3
2019/4/12,21.8,26.7,18.7
2019/4/13,22.7,28.5,19.4
2019/4/14,24.4,29.8,21.1
2019/4/15,21.6,25.4,19.2
2019/4/16,20.4,22.1,19
2019/4/17,23.4,28.5,19.7
2019/4/18,24.9,29.7,21.2
2019/4/19,23.2,30.2,20.8
2019/4/20,25.1,30,21.5
2019/4/21,25.3,29.9,22.3
2019/4/22,27.2,32.3,23.1
2019/4/23,27.5,31.8,23.7
2019/4/24,27.1,31.1,23.4
2019/4/25,27.3,31.7,23.4
2019/4/26,27.1,32.7,22.6
2019/4/27,25.7,30.2,23.3
2019/4/28,25.7,30.4,22.4
2019/4/29,27.5,32.7,23.7
2019/4/30,27.7,32.1,24
2019/5/1,22.9,26.4,20.4
2019/5/2,20.3,23.1,19.1
2019/5/3,21.5,26.4,18.6
2019/5/4,24.3,28.6,21
2019/5/5,23.7,27.6,21.1
2019/5/6,21.1,22.9,18.5
2019/5/7,19.8,22.3,18.4
2019/5/8,21.6,25.6,18.6
2019/5/9,23.2,27.4,20.7
2019/5/10,24.5,28.9,21.1
2019/5/11,25.5,30.6,21.5
2019/5/12,26.4,31.8,22.8
2019/5/13,27.8,32,24
2019/5/14,28.5,33.3,24.4
2019/5/15,28.5,32.6,25.6
2019/5/16,28.2,31.8,25.6
2019/5/17,27.9,30.7,26.1
2019/5/18,27.2,30.2,24.6
2019/5/19,28,31.5,25.6
2019/5/20,25.3,30.9,22.1
2019/5/21,23.4,26.8,21.7
2019/5/22,24.4,28.4,21
2019/5/23,23.5,27.7,21.2
2019/5/24,26.5,31,23.1
2019/5/25,27.3,31.4,24.7
2019/5/26,28,33.7,23.6
2019/5/27,27.4,29.9,25.4
2019/5/28,25.9,30.4,22.6
2019/5/29,23.6,29.5,21.5
2019/5/30,25.7,30.6,21
2019/5/31,28.2,32.8,24.1
2019/6/1,28.1,...,...
2019/6/2,29.6,33.1,24.2
2019/6/3,28.6,32.9,25.6
2019/6/4,26.3,30.8,23.2
2019/6/5,28.6,33.8,23.5
2019/6/6,28.9,34.1,25.4
2019/6/7,29.7,34.6,26
2019/6/8,29.2,32.8,25.7
2019/6/9,29.3,33.6,26
2019/6/10,27.3,32.8,24.1
2019/6/11,25.7,27.7,24
2019/6/12,24.3,25.9,23.1
2019/6/13,27.1,33.1,24.1
2019/6/14,25.8,29.6,22.1
2019/6/15,27.1,32.4,22.5
2019/6/16,26.9,33.9,24
2019/6/17,27.8,34,24.6
2019/6/18,29.4,35.2,25.4
2019/6/19,30.1,34.6,26.2
2019/6/20,29.7,34,26
2019/6/21,29.8,34.3,26.2
2019/6/22,30.2,34,27.3
2019/6/23,28,32,24.2
2019/6/24,26.2,28.7,22.9
2019/6/25,27.4,31.1,25.1
2019/6/26,26.1,30.1,24.5
2019/6/27,27.9,31.4,25.1
2019/6/28,30,34.6,25.3
2019/6/29,30.1,33.6,26.7
2019/6/30,29,34.4,26.1
2019/7/1,30.2,34,26.1
2019/7/2,29,32.9,25.4
2019/7/3,25.9,28.5,24.2
2019/7/4,28.5,33.7,25.1
2019/7/5,28.1,32,25
2019/7/6,28.5,32.3,25.8
2019/7/7,29.7,34.3,26.8
2019/7/8,29.6,33.1,26.6
2019/7/9,28.5,31.2,25.5
2019/7/10,27.6,31.4,25
2019/7/11,27.6,32.2,24.6
2019/7/12,29.2,33.7,25
2019/7/13,30,34,27
2019/7/14,29.9,33.8,26.6
2019/7/15,30.4,34.7,26.9
2019/7/16,30,33.8,26.4
2019/7/17,31,35.7,27.4
2019/7/18,28.6,33.3,25.2
2019/7/19,28.3,32,25.2
2019/7/20,27.4,30,24.5
2019/7/21,28.5,31.9,25.6
2019/7/22,27.9,31.9,24.2
2019/7/23,28.2,34,24.6
2019/7/24,29.1,34.8,25.3
2019/7/25,29.5,34.1,25.7
2019/7/26,30.1,34.8,26.9
2019/7/27,28.8,34.3,25.8
2019/7/28,27.8,33.5,24.2
2019/7/29,29.6,34.4,25.2
2019/7/30,29.9,34.8,26.6
2019/7/31,29.2,34.6,24.5
2019/8/1,27.4,33.1,24
2019/8/2,27.5,32.5,25.3
2019/8/3,28.4,32.2,24.9
2019/8/4,29.5,33.5,26.4
2019/8/5,29.5,34.2,26.8
2019/8/6,29.8,34.7,27
2019/8/7,29.7,34.2,26.3
2019/8/8,29.6,34.6,27.2
2019/8/9,28.5,32.6,25.9
2019/8/10,29.7,31.6,28.9
2019/8/11,28.9,31.3,26.7
2019/8/12,27.7,29.8,26.1
2019/8/13,26,28.1,23.1
2019/8/14,29.5,34.4,25.6
2019/8/15,26.3,30.4,24.3
2019/8/16,26.6,30.2,24
2019/8/17,27.3,31.1,23.7
2019/8/18,26.6,30.7,24.1
2019/8/19,26.3,29,24.6
2019/8/20,27.1,31,24.8
2019/8/21,27,30.8,23.8
2019/8/22,29.1,34.5,25.4
2019/8/23,29.5,33,26.3
2019/8/24,28.3,33.1,25.6
2019/8/25,27.3,31.2,24.6
2019/8/26,28.6,33.2,25
2019/8/27,28.8,32.4,26.2
2019/8/28,29.5,36.3,26.3
2019/8/29,29.3,33.9,26.5
2019/8/30,27.4,32.5,23.1
2019/8/31,28.3,33.9,23.9
2019/9/1,28.2,34.8,25.1
2019/9/2,29.1,35.2,25
2019/9/3,28.2,33.7,25.9
2019/9/4,26,30.9,24
2019/9/5,26.9,32.4,24.4
2019/9/6,27.6,32.8,25.1
2019/9/7,28.3,32.5,25.4
2019/9/8,28.1,34.3,22
2019/9/9,29.3,33.7,25.8
2019/9/10,28,32.5,24.9
2019/9/11,28.9,35.2,24.5
2019/9/12,29.3,33.3,26.3
2019/9/13,29.1,33,26.1
2019/9/14,28.7,33,25.6
2019/9/15,28.2,33.2,25.9
2019/9/16,27.9,33.5,24.9
2019/9/17,27.5,33,24.5
2019/9/18,27.3,32.7,24
2019/9/19,26.4,31.4,23.5
2019/9/20,25.3,28.1,23
2019/9/21,24.9,28.6,22.4
2019/9/22,25.8,30.7,22.8
2019/9/23,25.5,31.3,22.2
2019/9/24,25.3,...,...
2019/9/25,25.4,31.2,21.6
2019/9/26,26.1,32.4,21.6
2019/9/27,26.9,32.5,22.9
2019/9/28,27.5,32.1,24.4
2019/9/29,27.8,32.3,24.7
2019/9/30,26.6,30.6,24.4
2019/10/1,27.3,32.3,23.4
2019/10/2,28.4,33.9,23.5
2019/10/3,28.1,33.7,25.3
2019/10/4,27.8,32.4,24.9
2019/10/5,27.6,32.5,25.3
2019/10/6,27.3,30.9,24.4
2019/10/7,27.5,33.1,24.1
2019/10/8,27.5,32.5,24.6
2019/10/9,27.3,31.8,24.6
2019/10/10,26.6,31.9,23.6
2019/10/11,26.2,31.5,23.1
2019/10/12,26.9,31.3,24
2019/10/13,26.5,31.1,23.9
2019/10/14,25.4,31.2,22.5
2019/10/15,24.7,30.6,21.2
2019/10/16,24.1,30.3,20.2
2019/10/17,24.5,29.6,21.9
2019/10/18,23.8,30.3,19.9
2019/10/19,23.4,28.7,19.9
2019/10/20,23.3,28.7,19.8
2019/10/21,23.2,28.5,20.2
2019/10/22,23.8,30.9,18.9
2019/10/23,24.3,30,20.7
2019/10/24,24.1,30.8,20.5
2019/10/25,24.4,30.5,20.3
2019/10/26,24.3,30.8,20
2019/10/27,23.9,30.8,20.4
2019/10/28,23.8,29.4,20.7
2019/10/29,22.7,26.2,20.5
2019/10/30,23.9,29.7,21.2
2019/10/31,24.1,29.5,20.8
2019/11/1,24.9,30,21.3
2019/11/2,24.5,30.9,20.8
2019/11/3,24,29.5,21.2
2019/11/4,23.3,27.4,21.3
2019/11/5,23.2,27.8,20.5
2019/11/6,22.9,29.2,19
2019/11/7,22.7,28.8,18.8
2019/11/8,22.2,27.8,19
2019/11/9,21.1,27.5,17.6
2019/11/10,21.4,27.9,16.1
2019/11/11,21.9,28,17.9
2019/11/12,22.3,28.4,17.4
2019/11/13,22.3,27.3,18.2
2019/11/14,21.4,26.8,18.5
2019/11/15,21.6,28.2,16.9
2019/11/16,22.1,27,17.9
2019/11/17,23.1,29.6,18
2019/11/18,22.5,28.5,19.3
2019/11/19,20,22.1,18.6
2019/11/20,20.8,25.6,18.2
2019/11/21,21.2,27.6,16.7
2019/11/22,23,27.9,20.3
2019/11/23,22.5,27.6,19.4
2019/11/24,23.2,29.1,19.6
2019/11/25,22.2,28.7,19.5
2019/11/26,22.4,28.8,19.1
2019/11/27,21.8,29.2,18.5
2019/11/28,19.7,24.1,16.4
2019/11/29,20,25.6,16
2019/11/30,20.6,26.3,15.9
2019/12/1,21.5,28.5,18.1
2019/12/2,17.9,21.3,13.9
2019/12/3,16.8,22.7,12.9
2019/12/4,17.2,22.2,13.7
2019/12/5,14.8,16.2,13.9
2019/12/6,14.8,16.1,14
2019/12/7,15,18.6,12.7
2019/12/8,16,22.9,11.5
2019/12/9,16.8,22.9,11.3
2019/12/10,18.7,25,14.5
2019/12/11,18.1,23.6,13.3
2019/12/12,18.5,25.4,13.3
2019/12/13,18.1,23.9,13.8
2019/12/14,19.4,26.8,13.4
2019/12/15,20.1,26.5,16.7
2019/12/16,20.4,26.9,15.2
2019/12/17,22.5,28.5,17.1
2019/12/18,21.4,26.9,18.6
2019/12/19,19.2,23.7,16.9
2019/12/20,18.9,22.3,16
2019/12/21,19.2,23.8,17.2
2019/12/22,19.8,27,16.5
2019/12/23,19.5,24.7,16.3
2019/12/24,19.4,24.5,16.4
2019/12/25,20.6,27.4,16.9
2019/12/26,20.9,27.5,16.5
2019/12/27,16.9,20.7,15.1
2019/12/28,18.4,22.2,15.3
2019/12/29,17.8,18.7,17.2
2019/12/30,19.3,21.5,17.7
2019/12/31,17.4,22,14.8
2020/1/1,16.9,20.8,14.7
2020/1/2,17.3,24.3,13.1
2020/1/3,18.5,24.6,14.6
2020/1/4,18.8,23.6,15.2
2020/1/5,19.1,24.6,15.9
2020/1/6,18.9,23.7,17.3
2020/1/7,20.4,27,16.3
2020/1/8,18.6,23.9,14.6
2020/1/9,18.2,24.7,13.6
2020/1/10,18.5,24.3,15
2020/1/11,18.4,23.3,15.4
2020/1/12,16.4,20.6,14
2020/1/13,16.6,21.8,13.6
2020/1/14,17.7,25,13.7
2020/1/15,17.1,23.2,12.8
2020/1/16,18.5,24.1,13.9
2020/1/17,16.7,21.4,13.1
2020/1/18,15.3,21,12.4
2020/1/19,16,21,13
2020/1/20,16.3,24.3,12.2
2020/1/21,17.1,24.4,14.1
2020/1/22,20.2,28,14.9
2020/1/23,22.4,28.6,18.6
2020/1/24,20.9,26.2,18.5
2020/1/25,20.1,25.3,17.5
2020/1/26,17.4,21.8,15.2
2020/1/27,16.6,20.4,14.2
2020/1/28,14.2,17,12.9
2020/1/29,13.2,16.9,10.9
2020/1/30,12.1,16.9,8.3
2020/1/31,12.3,19.9,6.2
2020/2/1,14.2,21.1,8.3
2020/2/2,15.8,22.7,9.1
2020/2/3,17.1,22.5,12.6
2020/2/4,16.6,19.3,14.7
2020/2/5,17.1,21.9,14.1
2020/2/6,17.6,24.4,12.3
2020/2/7,17.3,23.1,14.9
2020/2/8,16.3,21,13.6
2020/2/9,15.6,19.5,13.1
2020/2/10,16.7,23.5,11.4
2020/2/11,18.2,22,15.6
2020/2/12,21.9,29,16.1
2020/2/13,22.3,27.8,18.5
2020/2/14,21.9,28.9,19
2020/2/15,23.9,29.4,19
2020/2/16,16.5,23.2,11.4
2020/2/17,12.7,16.8,10.4
2020/2/18,13.9,21.2,9.5
2020/2/19,15.4,21.2,10.1
2020/2/20,17.3,22.7,13
2020/2/21,17.8,22.1,14.1
2020/2/22,18.4,23.9,14.2
2020/2/23,19.4,25.5,15.5
2020/2/24,19.9,25,16.2
2020/2/25,22.4,29,17.3
2020/2/26,23,28.4,18.9
2020/2/27,20.8,25.7,18.3
2020/2/28,20.9,26.4,17.5
2020/2/29,23.1,29.6,18.6
2020/3/1,22.9,28.6,19.3
2020/3/2,19.7,25,17
2020/3/3,20.7,26.7,15.7
2020/3/4,20.3,24.3,16.1
2020/3/5,16.1,19.8,13.9
2020/3/6,18.9,24.9,14.5
2020/3/7,22.4,28.6,17.8
2020/3/8,21.8,26.1,19.4
2020/3/9,24.8,31.5,19.7
2020/3/10,20.5,24.3,16.8
2020/3/11,18.5,23.2,15.2
2020/3/12,20.7,25.5,17.2
2020/3/13,22.1,28.5,18.5
2020/3/14,17.4,21.1,14.9
2020/3/15,18.3,24.4,14
2020/3/16,20.5,26,15.1
2020/3/17,21.3,27.4,17.3
2020/3/18,21.4,26.6,17.7
2020/3/19,22.8,27.5,19.7
2020/3/20,22.5,27.3,19.9
2020/3/21,23.6,29,19.3
2020/3/22,24.7,30,21
2020/3/23,23.6,27.9,20.6
2020/3/24,23.1,27.7,19.5
2020/3/25,23.5,28.2,20.6
2020/3/26,26,32.6,21.4
2020/3/27,26.1,32.2,22.5
2020/3/28,21.2,26.8,15.6
2020/3/29,19.7,26.3,14.6
2020/3/30,21.3,24.3,19.5
2020/3/31,22.3,28.6,18.5
2020/4/1,21.2,25.7,17.4
2020/4/2,19.7,22.9,17
2020/4/3,20.9,27.6,18.3
2020/4/4,20.2,24.9,17.3
2020/4/5,17.9,21.5,15.5
2020/4/6,17.7,...,...
2020/4/7,18.8,24.4,15.7
2020/4/8,19.8,25.6,14.9
2020/4/9,21.3,26.9,17.7
2020/4/10,22.5,29.1,17.8
2020/4/11,21.7,27,19.1
2020/4/12,18.5,21.9,13.7
2020/4/13,17.5,23,12
2020/4/14,19.6,25.2,14.1
2020/4/15,22.3,27.6,18.3
2020/4/16,22.7,29.6,16.6
2020/4/17,23.6,28.4,18.5
2020/4/18,25.6,31.2,20.6
2020/4/19,26.8,33,23.7
2020/4/20,26,31.2,23.3
2020/4/21,24.4,28.7,21.7
2020/4/22,21.8,26.7,19.8
2020/4/23,20.1,24.2,17
2020/4/24,18.8,22,16.8
2020/4/25,21.8,27.4,17.8
2020/4/26,23,26.9,20.4
2020/4/27,23.6,29,19.9
2020/4/28,24.1,30,20.5
2020/4/29,24.5,29.4,20.2
2020/4/30,25.3,31.5,20.4
2020/5/1,26.3,31.7,21.6
2020/5/2,27.5,32.4,23.7
2020/5/3,27.8,32.4,24.7
2020/5/4,28,33.3,24.9
2020/5/5,28.3,33,25.5
2020/5/6,28.6,32.8,25.3
2020/5/7,29.5,34,25.6
2020/5/8,30.9,35,/
2020/5/9,32.2,33.9,/
2020/5/10,29,34.8,/
2020/5/11,27.9,32.6,/
2020/5/12,25.6,28.5,/
2020/5/13,28.1,33.2,25.3
2020/5/14,28.3,33.1,24.6
2020/5/15,29.2,33.7,25.1
2020/5/16,27.3,33.5,23.1
2020/5/17,28.3,32.9,23.7
2020/5/18,26.8,32.3,23.4
2020/5/19,23.6,27,21.1
2020/5/20,25.5,29.5,22.5
2020/5/21,25.5,29.3,23.2
2020/5/22,25,26.8,23.3
2020/5/23,25.4,28.2,23.6
2020/5/24,27.3,32.8,24
2020/5/25,28.3,33.3,25.1
2020/5/26,27.3,31.4,24.2
2020/5/27,25.9,30.9,24.6
2020/5/28,27.8,31.4,24
2020/5/29,26.7,31.9,23.7
2020/5/30,27.6,31.5,23.9
2020/5/31,29.3,34,25.6
2020/6/1,29.7,33.9,26.2
2020/6/2,29.6,33.8,26
2020/6/3,29.6,34,26.2
2020/6/4,29.8,34.8,25.3
2020/6/5,30.1,34.4,26.4
2020/6/6,28.9,34.1,24.1
2020/6/7,27.7,33.2,24.3
2020/6/8,25.6,30.1,22.9
2020/6/9,27.2,31.4,23.8
2020/6/10,29,33.9,24.8
2020/6/11,29.2,33.2,26.1
2020/6/12,29.7,33.2,27.1
2020/6/13,29.1,34.6,26.7
2020/6/14,29.9,34.4,26
2020/6/15,29.9,35.6,25.6
2020/6/16,29.8,34.2,25.7
2020/6/17,29.9,34.5,25.3
2020/6/18,30,35.2,26.1
2020/6/19,30.2,35.1,26.3
2020/6/20,20.2,35.1,26
2020/6/21,29.7,34.3,26.6
2020/6/22,30.5,35.1,26.2
2020/6/23,30.6,34.6,26.4
2020/6/24,30.3,34.6,26.3
2020/6/25,30.9,35,27.6
2020/6/26,30.1,36.2,26.4
2020/6/27,29,34.9,24.3
2020/6/28,20.6,35.6,26.2
2020/6/29,31,35.4,27.2
2020/6/30,29.9,35,26.9
2020/7/1,29.1,33.6,24.9
2020/7/2,29,35,26.5
2020/7/3,29.5,35,26
2020/7/4,30.4,34.9,26.6
2020/7/5,30.4,34.5,27
2020/7/6,30.4,34.4,26.8
2020/7/7,30.5,34.1,28.9
2020/7/8,30.7,35.2,26.9
2020/7/9,30.4,34.8,27.2
2020/7/10,31,35,26.9
2020/7/11,31.3,35.8,27.1
2020/7/12,31.1,36.5,26.6
2020/7/13,31.6,37,27.9
2020/7/14,31.9,37.1,28.8
2020/7/15,29.9,32.1,28.1
2020/7/16,28.3,31.5,24.1
2020/7/17,30.1,34.8,26.2
2020/7/18,31,35.6,26.7
2020/7/19,31.1,35.8,28.3
2020/7/20,29.4,35.8,25.6
2020/7/21,29.7,34.9,25.3
2020/7/22,30.2,34.6,26.9
2020/7/23,30,35.7,27
2020/7/24,30.8,36.1,26.2
2020/7/25,31.1,35.2,28.3
2020/7/26,30.2,34.7,27.2
2020/7/27,29.8,35.6,26.6
2020/7/28,28.1,34.8,24.1
2020/7/29,28.6,33.7,24.9
2020/7/30,29.3,32.5,26.5
2020/7/31,30.7,36.3,26.3
2020/8/1,29.2,35.6,25.3
2020/8/2,29.4,34.1,26.8
2020/8/3,27.3,31.2,24.9
2020/8/4,27.4,30.4,24.8
2020/8/5,29.4,34.3,25.5
2020/8/6,20.4,35,26.6
2020/8/7,30,33.7,27.1
2020/8/8,30,33.7,27.4
2020/8/9,30.4,34.2,27.9
2020/8/10,28.4,34.3,24.8
2020/8/11,27.3,30.4,25.6
2020/8/12,28,33.5,25.4
2020/8/13,29.4,33.5,25.3
2020/8/14,29.5,33.5,25.7
2020/8/15,27.4,32.4,23.8
2020/8/16,28.2,33.1,24.5
2020/8/17,28.6,34.3,25.1
2020/8/18,28.7,35.3,25.5
2020/8/19,29.6,35.2,26.4
2020/8/20,29.5,36.3,25.5
2020/8/21,30,34,25.9
2020/8/22,29.4,33.1,25.7
2020/8/23,29.6,33.8,25.4
2020/8/24,30.4,34.8,26
2020/8/25,30.1,33.9,26.3
2020/8/26,26.3,27.6,24.9
2020/8/27,26.5,31.5,24.6
2020/8/28,28.4,32.4,25.1
2020/8/29,29.1,34.2,25.5
2020/8/30,28.8,34.4,26
2020/8/31,29.1,33.4,26.5
2020/9/1,29.2,33.5,25
2020/9/2,29.9,34.2,26.2
2020/9/3,28.6,34.6,26.1
2020/9/4,29.2,33.7,25.2
2020/9/5,28.6,33.2,25.5
2020/9/6,27.4,32.9,23.1
2020/9/7,27.9,35,22.2
2020/9/8,29.5,34.3,25.9
2020/9/9,29.4,34.3,26.4
2020/9/10,29.3,33.9,26.4
2020/9/11,29.3,34.3,25.8
2020/9/12,27.7,33,23.2
2020/9/13,28.8,33.7,25.1
2020/9/14,29.2,34.3,25.8
2020/9/15,29.3,34.7,26
2020/9/16,29.7,34.4,25.8
2020/9/17,30,34.6,26.5
2020/9/18,29.7,34.9,25.1
2020/9/19,29.1,33.9,25.4
2020/9/20,28.9,32.9,26.1
2020/9/21,28.5,33.6,25.5
2020/9/22,27.8,33.6,24.1
2020/9/23,28,33.3,24.1
2020/9/24,27.6,33.1,24.7
2020/9/25,26.5,30,24
2020/9/26,27.1,32.8,24
2020/9/27,25.8,30.5,23.4
2020/9/28,25.8,29.5,23.5
2020/9/29,27,32.3,23.5
2020/9/30,26,31,23.6
2020/10/1,26.6,31.9,23.2
2020/10/2,27.3,32.6,23.2
2020/10/3,27.9,32.4,24.5
2020/10/4,28.3,34.3,23.9
2020/10/5,27.5,32.3,24.3
2020/10/6,25.7,31.2,22.8
2020/10/7,25.1,30.5,21.8
2020/10/8,25.3,30.2,22.3
2020/10/9,25.5,31.4,22.1
2020/10/10,25.5,31.3,21.7
2020/10/11,26.2,31.5,22.1
2020/10/12,27.3,32.5,24.2
2020/10/13,27.3,32.5,24.4
2020/10/14,26.8,31.6,23.8
2020/10/15,27.3,33.5,23.5
2020/10/16,26.8,32.6,23.7
2020/10/17,25.7,31.3,22.9
2020/10/18,24.8,30,21.8
2020/10/19,24.7,30.6,19.8
2020/10/20,25.1,31.1,21.7
2020/10/21,26,30.7,22.7
2020/10/22,23.4,27.5,19.9
2020/10/23,21.2,23,19.9
2020/10/24,22.9,28.1,20.3
2020/10/25,24.5,29.5,20.6
2020/10/26,25.1,30.8,21.6
2020/10/27,25.6,31.3,21.8
2020/10/28,25.7,32.5,21.8
2020/10/29,24.8,30.1,22.3
2020/10/30,23.9,28.6,20.6
2020/10/31,23,28.3,19.6
2020/11/1,24.4,29.4,20.9
2020/11/2,24.2,30.4,20.7
2020/11/3,23.2,28.6,20.1
2020/11/4,22.8,28.6,19
2020/11/5,23.4,29.3,19.9
2020/11/6,23.7,28,20.2
2020/11/7,24.2,27.7,22.1
2020/11/8,21.7,24.9,19.6
2020/11/9,20.9,23.5,18.6
2020/11/10,20.2,22.3,18.7
2020/11/11,21.8,28.2,17.5
2020/11/12,22.9,29.6,18
2020/11/13,22.7,25.1,21.5
2020/11/14,22.2,25,20.4
2020/11/15,23.5,28.8,20.2
2020/11/16,24.4,29.3,22
2020/11/17,25.2,31.2,21.5
2020/11/18,24.7,30.4,20.7
2020/11/19,25.7,31.3,21.5
2020/11/20,26.3,31.7,23.4
2020/11/21,26.1,32.2,22.9
2020/11/22,25.4,29.8,22.4
2020/11/23,24.2,29.3,21.5
2020/11/24,24,28.5,21
2020/11/25,23.9,29.5,20
2020/11/26,24.4,30,21.7
2020/11/27,22.7,27.5,20
2020/11/28,21.7,26.8,19.2
2020/11/29,21.1,26.4,18.5
2020/11/30,20.9,26.1,18.8
2020/12/1,21.1,27.3,17.7
2020/12/2,21.1,26.8,18
2020/12/3,19.2,23.5,17.3
2020/12/4,19,21.7,17.3
2020/12/5,19.9,25.1,17.2
2020/12/6,20.8,26.4,16.9
2020/12/7,21.4,25.8,19.2
2020/12/8,19.8,22.5,17.9
2020/12/9,19.2,21.3,17.8
2020/12/10,21.2,24.6,19.1
2020/12/11,21.3,25.2,19.8
2020/12/12,21,25.2,18.7
2020/12/13,20.5,27.1,17.6
2020/12/14,18.9,24,16.3
2020/12/15,17.9,22.7,15.7
2020/12/16,18.3,22.9,16.4
2020/12/17,18.6,24.3,16.1
2020/12/18,19.1,23.9,15
2020/12/19,18.1,21.1,15.8
2020/12/20,17.9,21.3,16.2
2020/12/21,16.6,17.9,15.5
2020/12/22,19.1,25.5,15.5
2020/12/23,18.7,20.6,17.4
2020/12/24,18.9,22.9,16.1
2020/12/25,18.5,23.5,16.1
2020/12/26,19.3,24.9,15.2
2020/12/27,20,24.1,17.3
2020/12/28,21,28.7,17.7
,,,
,,,
,,,
